type,name,module,path,hash
"csv","agent-manifest","_cfg","bmad/_cfg/agent-manifest.csv","9511a24815195c1942947ef456a6786573c6fcee45d6e22756e899f117fd7ff2"
"csv","task-manifest","_cfg","bmad/_cfg/task-manifest.csv","a569230ad46c5410fcb4acb60f5ac2dcabaf0c072bc36afc66e4741ccca734ec"
"csv","workflow-manifest","_cfg","bmad/_cfg/workflow-manifest.csv","1e2333c9c3cc14810e937605ad1def32f34e7c4ccb68df24512f2cca162ea70b"
"yaml","manifest","_cfg","bmad/_cfg/manifest.yaml","84b3fcc8ce852c7f2232a400840033060d92f60f0eb281b2a18bb9e5e82f7153"
"csv","communication-presets","bmb","bmad/bmb/workflows/create-agent/communication-presets.csv","1d40b718418c672b19700516f03479dce199fb3646ff26250536e42113a91224"
"js","installer","bmb","bmad/bmb/workflows/create-module/installer-templates/installer.js","309ecdf2cebbb213a9139e5b7780d0d42bd60f665c497691773f84202e6667a7"
"md","agent-compilation","bmb","bmad/bmb/docs/agent-compilation.md","c3deb71c4e04035f6cb9e4d39500ffa37d751c82ed27dda33c09fcc9f9c11a42"
"md","agent-menu-patterns","bmb","bmad/bmb/docs/agent-menu-patterns.md","380890a7278212c5d4d3a091beaa4e1b953a57c945a1233888cccb0c014933f5"
"md","agent-validation-checklist","bmb","bmad/bmb/workflows/create-agent/agent-validation-checklist.md","7b1172ac27735a8adcd02448692b652bd6d089fdab3ea667b5bec7c724f240e9"
"md","bmad-builder","bmb","bmad/bmb/agents/bmad-builder.md","526678c0d178c7cc22d452496ed7402c26e399d6490216075a10705e6062cb23"
"md","brainstorm-context","bmb","bmad/bmb/workflows/create-agent/brainstorm-context.md","576d7a02935ef4e34bdc6476527b658d954bb490b8d09b09ef7e0cf58712d96f"
"md","brainstorm-context","bmb","bmad/bmb/workflows/create-module/brainstorm-context.md","62b902177d2cb56df2d6a12e5ec5c7d75ec94770ce22ac72c96691a876ed2e6a"
"md","brainstorm-context","bmb","bmad/bmb/workflows/create-workflow/brainstorm-context.md","f246ec343e338068b37fee8c93aa6d2fe1d4857addba6db3fe6ad80a2a2950e8"
"md","breakthroughs","bmb","bmad/bmb/reference/agents/expert-examples/journal-keeper/journal-keeper-sidecar/breakthroughs.md","f7eaba2c3f5f721d84bb9dc560f50840e79daeee026a139fe74aecccb5fd20c7"
"md","checklist","bmb","bmad/bmb/workflows/audit-workflow/checklist.md","b5a43d33f6760997b87037511d07d6f47e143a1c0c462a5a120f878fa993e33a"
"md","checklist","bmb","bmad/bmb/workflows/convert-legacy/checklist.md","5b1d73af9b003ad5074c31ea1c8a0dbc9abec27282dcf4fb5a35c6ef7d5563b2"
"md","checklist","bmb","bmad/bmb/workflows/create-module/checklist.md","db26f4a13ae2b1947dc7159970486a7c18f3e5dc1d670ab63eb84a7bf3c5b571"
"md","checklist","bmb","bmad/bmb/workflows/create-workflow/checklist.md","78325ed31532c0059a3f647f7f4cda7702919a9ef43634afa419d3fa30ee2a0c"
"md","checklist","bmb","bmad/bmb/workflows/create-workflow/workflow-template/checklist.md","a950c68c71cd54b5a3ef4c8d68ad8ec40d5d1fa057f7c95e697e975807ae600b"
"md","checklist","bmb","bmad/bmb/workflows/edit-module/checklist.md","c0f599a80efb36ee184bcc5c94c903bbac31f335830a493ec9b8f47157ae5568"
"md","checklist","bmb","bmad/bmb/workflows/edit-workflow/checklist.md","9677c087ddfb40765e611de23a5a009afe51c347683dfe5f7d9fd33712ac4795"
"md","checklist","bmb","bmad/bmb/workflows/module-brief/checklist.md","4710f9c7e48a1cb29b225d43955bf313271dc7f9bb471bfecb1a8edf5f57a10a"
"md","expert-agent-architecture","bmb","bmad/bmb/docs/expert-agent-architecture.md","79f02c8ddd86318ab62c0900b5c398a64e5e68b684e0349e35a2d2c262b7f659"
"md","index","bmb","bmad/bmb/docs/index.md","c9d5170e93a53af426d6f95f43c506780ac39b0fcbe725adb84a2e7c3f3fd989"
"md","instructions","bmb","bmad/bmb/reference/agents/expert-examples/journal-keeper/journal-keeper-sidecar/instructions.md","2875b03e1f6bde4e6af943fb869cae427047d3b1780815f0a88bb72427f9d644"
"md","instructions","bmb","bmad/bmb/workflows/audit-workflow/instructions.md","12c7b638245285b0f2df2bd3b23bb6b8f8741f6c79a081bf2a401f0effa6ddcb"
"md","instructions","bmb","bmad/bmb/workflows/convert-legacy/instructions.md","949815e443f201e1cf246ee89d305a74144d6870378e66ac53beaff6bf42c80a"
"md","instructions","bmb","bmad/bmb/workflows/create-agent/instructions.md","31e483f4d4f736b833d25897583459124c5fbb0458bcc73d6a70ffceaacbf10c"
"md","instructions","bmb","bmad/bmb/workflows/create-module/instructions.md","1e160150f3ccfb8359899d9ad4d85e9e01d6a4ce9046bc024be4b57ff064c6a2"
"md","instructions","bmb","bmad/bmb/workflows/create-workflow/instructions.md","09b48e66f9805089cf367ad63ffda96c82a8349f1c8ae44a17d0e29d1841fbed"
"md","instructions","bmb","bmad/bmb/workflows/create-workflow/workflow-template/instructions.md","01a23bc7d51b788c4b044520ca733e0b74ff7f84d2373d47bfa82ffde5a0a931"
"md","instructions","bmb","bmad/bmb/workflows/edit-agent/instructions.md","002b4cde2db78d145d7dc953e823d976e80347cc2b9f50c217f596fccaefafd6"
"md","instructions","bmb","bmad/bmb/workflows/edit-module/instructions.md","b6be0ac337129e4c5bd6099d8f50a10af462cba3d60cb46acb66525b31969842"
"md","instructions","bmb","bmad/bmb/workflows/edit-workflow/instructions.md","3efeeb83ff49e8187ed96488350b880c9b5eb138f73d87d94afd6698db04f1af"
"md","instructions","bmb","bmad/bmb/workflows/module-brief/instructions.md","b27559b94047d2634d7fb1f2a46908c09f8f008bbae371f5d93820b33dda3b81"
"md","memories","bmb","bmad/bmb/reference/agents/expert-examples/journal-keeper/journal-keeper-sidecar/memories.md","4b5a835195284352544641a2bfd66a98dd51f714cc0059e034842f9d07d32aa6"
"md","module-agent-architecture","bmb","bmad/bmb/docs/module-agent-architecture.md","b75dd07f8cdd767f41ac0c1b6f9e6a7f2366832b05bc51a70a49680dc48778a8"
"md","module-structure","bmb","bmad/bmb/workflows/create-module/module-structure.md","88299cca005b44937db76348c8cca3ef1826367bd9993aa48b3aa01a674970d6"
"md","mood-patterns","bmb","bmad/bmb/reference/agents/expert-examples/journal-keeper/journal-keeper-sidecar/mood-patterns.md","40d9ca8c95efc1b121421df018e0d5f58010a32e250e60bb6f1c8f59530cff8d"
"md","readme","bmb","bmad/bmb/reference/readme.md","fd0dcb1c9acd089b6855dcfc89a74c9c27e4b1637d3c2c2e8db4cde2fb1140eb"
"md","README","bmb","bmad/bmb/README.md","aa2beac1fb84267cbaa6d7eb541da824c34177a17cd227f11b189ab3a1e06d33"
"md","README","bmb","bmad/bmb/reference/agents/expert-examples/journal-keeper/README.md","4d8fb27d4e0993d9a60d21a19c92806bc1cb10488b4c203d688b8b636b01782b"
"md","README","bmb","bmad/bmb/reference/agents/module-examples/README.md","69a572ddf6c31d6f176347ab3b51e8b44616cb91734d2d7f8428627bacbd42d2"
"md","README","bmb","bmad/bmb/reference/agents/simple-examples/README.md","645ad486a3cf20b6e57d60255571c890a57af59522b42e675a553ba8cdc38b2b"
"md","README","bmb","bmad/bmb/workflows/convert-legacy/README.md","41418150ce62e7621601268a2238da0304d12accc7a8e96a90d3f3e6b7f45f78"
"md","README","bmb","bmad/bmb/workflows/create-module/README.md","539d3d12d78efcbe0b8b1a21a3916655b8a7356f763844aa6c735b7e8e8bb7e4"
"md","README","bmb","bmad/bmb/workflows/create-workflow/README.md","18b334dfb3bd6dd413a79e763a4f1f8a6f0fc206a66069ba0923de04d7a64872"
"md","README","bmb","bmad/bmb/workflows/edit-agent/README.md","60df7797724dcdeb09d73129bc09c6ea8f2916074753c1a0a0eec72b8116a82a"
"md","README","bmb","bmad/bmb/workflows/edit-module/README.md","807df3d74f673399042331e4c5034466d8f146c4b2cdb39fe63ccde6f4509843"
"md","README","bmb","bmad/bmb/workflows/edit-workflow/README.md","2db00015c03a3ed7df4ff609ac27a179885145e4c8190862eea70d8b894ee9be"
"md","README","bmb","bmad/bmb/workflows/module-brief/README.md","d52ab0914ec83b2b97fded6b0b278f55fe82bb1ac78cbe202c03cf761fcce8ea"
"md","simple-agent-architecture","bmb","bmad/bmb/docs/simple-agent-architecture.md","56eac057796d459346f478a59774d0266e343a8cf87464670a45c50644938e1c"
"md","template","bmb","bmad/bmb/workflows/audit-workflow/template.md","98e65880cac3ffb123e513abd48710e57e461418dd79a07d6b712505ed3ddb0e"
"md","template","bmb","bmad/bmb/workflows/create-workflow/workflow-template/template.md","c98f65a122035b456f1cbb2df6ecaf06aa442746d93a29d1d0ed2fc9274a43ee"
"md","template","bmb","bmad/bmb/workflows/module-brief/template.md","7d1ad5ec40b06510fcbb0a3da8ea32aefa493e5b04c3a2bba90ce5685b894275"
"md","understanding-agent-types","bmb","bmad/bmb/docs/understanding-agent-types.md","7ce5cb1d5d6b2c804439f142e171717417314e4b0b62c3227b87bb6bfca1e2a5"
"md","workflow-creation-guide","bmb","bmad/bmb/workflows/create-workflow/workflow-creation-guide.md","986ae4d87b86a74517ad330538af771b6ce126de70156831b1dac5c113dd24e7"
"yaml","bmad-builder.agent","bmb","bmad/bmb/agents/bmad-builder.agent.yaml",""
"yaml","commit-poet.agent","bmb","bmad/bmb/reference/agents/simple-examples/commit-poet.agent.yaml","a57745f92808bba5788795c981c77c56a6b703baa25ccef0e3326280af4105a9"
"yaml","config","bmb","bmad/bmb/config.yaml","5a1d67aa65212f4968f7a46710b4057067a1d1f2f29e53ab80889a96b27d9452"
"yaml","install-config","bmb","bmad/bmb/workflows/create-module/installer-templates/install-config.yaml","f20caf43009df9955b5fa0fa333851bf8b860568c05707d60ed295179c8abfde"
"yaml","journal-keeper.agent","bmb","bmad/bmb/reference/agents/expert-examples/journal-keeper/journal-keeper.agent.yaml","37b02124fa3ade0516ad25c7657aa031dbda0374cec89a0df6761c9a94f4590b"
"yaml","security-engineer.agent","bmb","bmad/bmb/reference/agents/module-examples/security-engineer.agent.yaml","3a8c2bb7dae25d3c928a6820a58890666d2d64221693f65049731c31b624db96"
"yaml","trend-analyst.agent","bmb","bmad/bmb/reference/agents/module-examples/trend-analyst.agent.yaml","d6e2dd4dd70badd7aff282e6e63539b72c7b5dae96893391ed9c9a02f8238ade"
"yaml","workflow","bmb","bmad/bmb/workflows/audit-workflow/workflow.yaml","24a82e15c41995c938c7f338254e5f414cfa8b9b679f3325e8d18435c992ab1c"
"yaml","workflow","bmb","bmad/bmb/workflows/convert-legacy/workflow.yaml","0f584b0a22f26b487cbe1d648ef226911e7db286f13d0ff1da9249f20f712ca7"
"yaml","workflow","bmb","bmad/bmb/workflows/create-agent/workflow.yaml","8fb51c84ef104322004ad1e160131f35425d3213bc8fc65dbbd47680ccd90400"
"yaml","workflow","bmb","bmad/bmb/workflows/create-module/workflow.yaml","60d416142f7f1cd4fbb46e962c3186665c095651f0265a60219b5140f33b7805"
"yaml","workflow","bmb","bmad/bmb/workflows/create-workflow/workflow-template/workflow.yaml","81f86e155ba06f959185b21a8cfd807b3c31683226d850a242564d187d3bbf9c"
"yaml","workflow","bmb","bmad/bmb/workflows/create-workflow/workflow.yaml","931bb50759c791e5dc0388ee337ad2f608bd389f2c3343e6b99e14f4ab2e0c1b"
"yaml","workflow","bmb","bmad/bmb/workflows/edit-agent/workflow.yaml","e1a7b1521dc598582bdc43175ead9d36ec49d192e9e5bdeb7356041801754547"
"yaml","workflow","bmb","bmad/bmb/workflows/edit-module/workflow.yaml","142dca7629be43ec752ea60e86d104980f03c99a0b6ce85d32d620b9df08059e"
"yaml","workflow","bmb","bmad/bmb/workflows/edit-workflow/workflow.yaml","e5e68a749aaaa0c3ef69189d092c66708f32f784a33d0b20cadfe692a079d9d3"
"yaml","workflow","bmb","bmad/bmb/workflows/module-brief/workflow.yaml","050ca388f0e73df57f221b85890f1f32dd0a750dfc3c79f333de9407f3864626"
"csv","default-party","bmgd","bmad/bmgd/teams/default-party.csv","6968383f77ac7769acbe662f0cefbf904ced20abe436464a6a7589db64578c8d"
"csv","game-brain-methods","bmgd","bmad/bmgd/workflows/1-preproduction/brainstorm-game/game-brain-methods.csv","9dd6c853bcd04038223abf0263c465381dace3c9b13c9eb637f22ce9dc93210e"
"csv","game-types","bmgd","bmad/bmgd/workflows/2-design/gdd/game-types.csv","a44c04d09432c886a7a5a8112474bd32540d8e84de25b308dca0f96e570651fd"
"csv","pattern-categories","bmgd","bmad/bmgd/workflows/3-technical/game-architecture/pattern-categories.csv","d9a275931bfed32a65106ce374f2bf8e48ecc9327102a08f53b25818a8c78c04"
"md","action-platformer","bmgd","bmad/bmgd/workflows/2-design/gdd/game-types/action-platformer.md","f1cbe9e9a52acd01ff120d05ce22fa81b30500933f62a3c6c36642280244057c"
"md","adventure","bmgd","bmad/bmgd/workflows/2-design/gdd/game-types/adventure.md","06aa57786c2e7ebc7580d501fcdefaabb28933c7b5785d6643bf643f58ae13e7"
"md","architecture-template","bmgd","bmad/bmgd/workflows/3-technical/game-architecture/architecture-template.md","a4908c181b04483c589ece1eb09a39f835b8a0dcb871cb624897531c371f5166"
"md","backlog_template","bmgd","bmad/bmgd/workflows/4-production/code-review/backlog_template.md","84b1381c05012999ff9a8b036b11c8aa2f926db4d840d256b56d2fa5c11f4ef7"
"md","card-game","bmgd","bmad/bmgd/workflows/2-design/gdd/game-types/card-game.md","6b9298ace2607c8e93d64533e6406828053234282e4977e4407faa2e9302fd0a"
"md","checklist","bmgd","bmad/bmgd/workflows/1-preproduction/game-brief/checklist.md","3516d66cffceb3e5ab23e1ddc9aaed8c0335eb0755e7437488cdebff96162395"
"md","checklist","bmgd","bmad/bmgd/workflows/2-design/gdd/checklist.md","d733c5d0118d692710fb7af3018239f4fc01c47fe122437db6d8477d697b3fb3"
"md","checklist","bmgd","bmad/bmgd/workflows/2-design/narrative/checklist.md","9bcfa41212cd74869199dba1a7d9cd5691e2bbc49e6b74b11e51c32955477524"
"md","checklist","bmgd","bmad/bmgd/workflows/3-technical/game-architecture/checklist.md","1594e633febf7e00b4fa21189cab5ea3a07cb6107eb6b39521780224cdc2c3dc"
"md","checklist","bmgd","bmad/bmgd/workflows/4-production/code-review/checklist.md","549f958bfe0b28f33ed3dac7b76ea8f266630b3e67f4bda2d4ae85be518d3c89"
"md","checklist","bmgd","bmad/bmgd/workflows/4-production/correct-course/checklist.md","33b2acfcc8fdbab18637218f6c6d16055e0004f0d818f993b0a6aeafac1f6112"
"md","checklist","bmgd","bmad/bmgd/workflows/4-production/create-story/checklist.md","e3a636b15f010fc0c337e35c2a9427d4a0b9746f7f2ac5dda0b2f309f469f5d1"
"md","checklist","bmgd","bmad/bmgd/workflows/4-production/dev-story/checklist.md","77cecc9d45050de194300c841e7d8a11f6376e2fbe0a5aac33bb2953b1026014"
"md","checklist","bmgd","bmad/bmgd/workflows/4-production/epic-tech-context/checklist.md","5e90dc12e01ba5f00301a6724fdac5585596fd6dfc670913938e9e92cdca133a"
"md","checklist","bmgd","bmad/bmgd/workflows/4-production/sprint-planning/checklist.md","80b10aedcf88ab1641b8e5f99c9a400c8fd9014f13ca65befc5c83992e367dd7"
"md","checklist","bmgd","bmad/bmgd/workflows/4-production/story-context/checklist.md","89c90d004e0649624a533d09604384c297b2891847c87cf1dcb358e9c8d0d723"
"md","fighting","bmgd","bmad/bmgd/workflows/2-design/gdd/game-types/fighting.md","52e5a142aac496ae7154fc0829bfbce1ef22296f0a464cf8e595aa14ca02eb86"
"md","game-architect","bmgd","bmad/bmgd/agents/game-architect.md","d72d95c64601eb468d950fea6a9f99a867c98b5565eeded267bd138c3743b125"
"md","game-context","bmgd","bmad/bmgd/workflows/1-preproduction/brainstorm-game/game-context.md","d0f5cb4d6151bb65b799676281ea2af0fe1b5ec227c92ceba655ba363e18a0ba"
"md","game-designer","bmgd","bmad/bmgd/agents/game-designer.md","06679953de5aed2dfbc9301040e12aeb5da1b92c40fc2f3158f102e6e4b8bb75"
"md","game-dev","bmgd","bmad/bmgd/agents/game-dev.md","eea8c7d98134337f8987a07ee7938b654098af3da92acb805007719aceb39a3d"
"md","game-scrum-master","bmgd","bmad/bmgd/agents/game-scrum-master.md","31ba61ad7fd6312c437a5a6d5294c74e25d968be417d19887d18cb1dbc55f686"
"md","gdd-template","bmgd","bmad/bmgd/workflows/2-design/gdd/gdd-template.md","070ccbb7f491dc1b1d126245c2e4db4a55dbc5a7ee6a6df4be521ca70e3c9ea6"
"md","horror","bmgd","bmad/bmgd/workflows/2-design/gdd/game-types/horror.md","7ff7599d5701bb7a8ef0e14f3ba614626cdd0d8960a8e880fc1cd41c5f508f75"
"md","idle-incremental","bmgd","bmad/bmgd/workflows/2-design/gdd/game-types/idle-incremental.md","515b52bb301e467c1f096cc55abde47159bb0b0d87157b9fa565973b48601ddf"
"md","instructions","bmgd","bmad/bmgd/workflows/1-preproduction/brainstorm-game/instructions.md","31a66f85bce010217822f1c64ea01fbb500f17e5864bd54f58023d71f26376ad"
"md","instructions","bmgd","bmad/bmgd/workflows/1-preproduction/game-brief/instructions.md","33265e5d92d574528f64fa0ea6e6401b4ba7cbc516031a3fcfd4711027191caf"
"md","instructions","bmgd","bmad/bmgd/workflows/3-technical/game-architecture/instructions.md","a57fdd1652c474970cf6663b25b62245c13cb9a3814bed11c4fcc97067114c35"
"md","instructions","bmgd","bmad/bmgd/workflows/4-production/code-review/instructions.md","c8c578f05f7c31707149bd0029dd6b70837e4845bbea1f2a61d23d73c6150100"
"md","instructions","bmgd","bmad/bmgd/workflows/4-production/correct-course/instructions.md","d06959c057f53c16604c8c5d2fac83c6160164527657eff879b94e2855ad9735"
"md","instructions","bmgd","bmad/bmgd/workflows/4-production/create-story/instructions.md","fae632881c02d94ae447cb69fe025c4868128358e63cce57c6f1a37bcd37d9f1"
"md","instructions","bmgd","bmad/bmgd/workflows/4-production/dev-story/instructions.md","5761d4e2ac0e6548f7cb7bfd2a644197b0dd86198157b2e9023d6ac1c894d71e"
"md","instructions","bmgd","bmad/bmgd/workflows/4-production/epic-tech-context/instructions.md","88d7583806f9ac1ca1a31492328ebbf8ba869728da75b1b330d859f8cfc729ab"
"md","instructions","bmgd","bmad/bmgd/workflows/4-production/retrospective/instructions.md","26162a6ac04bbb313b209129186ab7cff4940f411be09af7f6fd9d937890acd8"
"md","instructions","bmgd","bmad/bmgd/workflows/4-production/sprint-planning/instructions.md","be1ab1e8d895367106c6025c3625fdbf935312fef229b1b47d76b1e84ecb51a9"
"md","instructions","bmgd","bmad/bmgd/workflows/4-production/story-context/instructions.md","b3f451b7d2222fbb1d6a595af12731c85af9303b8768e23ba184620b4b41add5"
"md","instructions","bmgd","bmad/bmgd/workflows/4-production/story-done/instructions.md","00e8b4b817b11a8bb1b7a3746fc9991c60acee1551c9de005c423ef9e670272f"
"md","instructions","bmgd","bmad/bmgd/workflows/4-production/story-ready/instructions.md","bfe8a3ebbd27dcf0d0d5e0ed038852496d15a711c65da0b8bc46c952b6e20c66"
"md","instructions-gdd","bmgd","bmad/bmgd/workflows/2-design/gdd/instructions-gdd.md","de7494641e0caf85f459e1e64b79191a3dc2fb009ced090f3d7877f65cf12049"
"md","instructions-narrative","bmgd","bmad/bmgd/workflows/2-design/narrative/instructions-narrative.md","03530f4068eb889f583b66ff2cd8a9a6b27c324b7650f4eeb6338a34e772fde3"
"md","metroidvania","bmgd","bmad/bmgd/workflows/2-design/gdd/game-types/metroidvania.md","2a8c101dda7911d1cd1d9c66d1be86af3725832f5dcc7fab71e95204f45614ea"
"md","moba","bmgd","bmad/bmgd/workflows/2-design/gdd/game-types/moba.md","92d0ba9f7508a38d5bfeac1651c6aee8a1a58c54659ad3f0e0d1fd678a1ef498"
"md","narrative-template","bmgd","bmad/bmgd/workflows/2-design/narrative/narrative-template.md","a97e07173c540f85e946eb9c525e1ccad9294ae5f970760f2a9c537b5c0dcd6b"
"md","party-game","bmgd","bmad/bmgd/workflows/2-design/gdd/game-types/party-game.md","0cc50b3aede0c45c94cdff743cdac2d8ad67421ea80497a29d2300a1744ea703"
"md","puzzle","bmgd","bmad/bmgd/workflows/2-design/gdd/game-types/puzzle.md","f9c08b6f087bfaa41ea08c9dfa78aa034f5ae46b627b9f476bdf8b4f5c3389ed"
"md","racing","bmgd","bmad/bmgd/workflows/2-design/gdd/game-types/racing.md","085ea5d0914d7bc6a233c479d0ad6288a575ad1c8b9a8a85881e779fac0e60fc"
"md","README","bmgd","bmad/bmgd/README.md","e9939665eef9de3c5a1ef4e243f0e6b91ad707ec202fece1dc4318e152be4c27"
"md","rhythm","bmgd","bmad/bmgd/workflows/2-design/gdd/game-types/rhythm.md","83bbf1761fdc604b8c2b50ed86c5874cce331417e1b3a46c65cb6c4c1a7c8db2"
"md","roguelike","bmgd","bmad/bmgd/workflows/2-design/gdd/game-types/roguelike.md","fb1ebc838011020a6f740e6fb4f2ceb81be8477f9c67bc7ae3a8e34dfe548f00"
"md","rpg","bmgd","bmad/bmgd/workflows/2-design/gdd/game-types/rpg.md","5aa57ecefb448a0507ee0c8d503b43bd34d0c612ba130240d1af9842b80cba50"
"md","sandbox","bmgd","bmad/bmgd/workflows/2-design/gdd/game-types/sandbox.md","836f656bbaae549f31ac574c0865a61de451c08ab8c561db2c93398e147ece85"
"md","shooter","bmgd","bmad/bmgd/workflows/2-design/gdd/game-types/shooter.md","2452850295ac2b9fac04ce2d6126bfc19bb7dccbb04c40e7f89c801aecc5555d"
"md","simulation","bmgd","bmad/bmgd/workflows/2-design/gdd/game-types/simulation.md","fd74a7d21243f8d9827fe6a99263579309bc0aabd9e56261d3dd4eb5cfc75ad5"
"md","sports","bmgd","bmad/bmgd/workflows/2-design/gdd/game-types/sports.md","2247ea87dbca74e879f8c686d9e80434618e9e61bd3572739274c1af64cb0bb8"
"md","strategy","bmgd","bmad/bmgd/workflows/2-design/gdd/game-types/strategy.md","997380919f6c1b408906c364f74e728b9c6b45bf2960d1f0bfe8b0def594735e"
"md","survival","bmgd","bmad/bmgd/workflows/2-design/gdd/game-types/survival.md","3647795ee0073a85217633412a41a938e51a553776acbe9ac953fb403e3437f9"
"md","template","bmgd","bmad/bmgd/workflows/1-preproduction/game-brief/template.md","6d5555fae3763e8528898663d51276e0cc7d2d9725a8c74162d8e9732dbc5843"
"md","template","bmgd","bmad/bmgd/workflows/4-production/create-story/template.md","83c5d21312c0f2060888a2a8ba8332b60f7e5ebeb9b24c9ee59ba96114afb9c9"
"md","template","bmgd","bmad/bmgd/workflows/4-production/epic-tech-context/template.md","b5c5d0686453b7c9880d5b45727023f2f6f8d6e491b47267efa8f968f20074e3"
"md","text-based","bmgd","bmad/bmgd/workflows/2-design/gdd/game-types/text-based.md","5895ca65dc93f676bb33b754f2c6be85d5d9b651df87d8431d404dc9bb736ee7"
"md","tower-defense","bmgd","bmad/bmgd/workflows/2-design/gdd/game-types/tower-defense.md","03a2cc577fdd1a183ba04409b01b22f2f38713d28f1278481b0f221858f97ec8"
"md","turn-based-tactics","bmgd","bmad/bmgd/workflows/2-design/gdd/game-types/turn-based-tactics.md","30a150d8a0ab746f0c67d414be79e7e421fff1b8b7a1b716e64800df72bdb6c2"
"md","visual-novel","bmgd","bmad/bmgd/workflows/2-design/gdd/game-types/visual-novel.md","2d98f4c682f0abbd6330ac1bad04600c596e6b27302adbe9510fc0c0bf53052c"
"xml","context-template","bmgd","bmad/bmgd/workflows/4-production/story-context/context-template.xml","582374f4d216ba60f1179745b319bbc2becc2ac92d7d8a19ac3273381a5c2549"
"yaml","architecture-patterns","bmgd","bmad/bmgd/workflows/3-technical/game-architecture/architecture-patterns.yaml","00b9878fd753b756eec16a9f416b4975945d6439e1343673540da4bccb0b83f5"
"yaml","config","bmgd","bmad/bmgd/config.yaml","397a6de437e925945179b673b1562edcb1d0a99df89d1f141c98e9dfe492fb5c"
"yaml","decision-catalog","bmgd","bmad/bmgd/workflows/3-technical/game-architecture/decision-catalog.yaml","f7fc2ed6ec6c4bd78ec808ad70d24751b53b4835e0aad1088057371f545d3c82"
"yaml","game-architect.agent","bmgd","bmad/bmgd/agents/game-architect.agent.yaml",""
"yaml","game-designer.agent","bmgd","bmad/bmgd/agents/game-designer.agent.yaml",""
"yaml","game-dev.agent","bmgd","bmad/bmgd/agents/game-dev.agent.yaml",""
"yaml","game-scrum-master.agent","bmgd","bmad/bmgd/agents/game-scrum-master.agent.yaml",""
"yaml","sprint-status-template","bmgd","bmad/bmgd/workflows/4-production/sprint-planning/sprint-status-template.yaml","1b9f6bc7955c9caedfc14e0bbfa01e3f4fd5f720a91142fb6e9027431f965a48"
"yaml","team-gamedev","bmgd","bmad/bmgd/teams/team-gamedev.yaml","b7f6912c694ce20bc763bf16155a65a7e273575e2d34de2b231eedf5878603aa"
"yaml","workflow","bmgd","bmad/bmgd/workflows/1-preproduction/brainstorm-game/workflow.yaml","97581b3c00682048595157997e1d4413e3185d0ea2e3afaf2aec55f5405a367c"
"yaml","workflow","bmgd","bmad/bmgd/workflows/1-preproduction/game-brief/workflow.yaml","00bc9b852be4475dbb1cbd588ba3d5ce63c51d1ed5953e3a566695a9d0fd452b"
"yaml","workflow","bmgd","bmad/bmgd/workflows/2-design/gdd/workflow.yaml","dff63a74f7f6949a80031ef5d861b2fb90bdc610c81fd819e993e291efd49b32"
"yaml","workflow","bmgd","bmad/bmgd/workflows/2-design/narrative/workflow.yaml","d1bb2998ac755c270fccb9484d20678ebb7e9b52dc1a104cbe0fb4139d8cc063"
"yaml","workflow","bmgd","bmad/bmgd/workflows/3-technical/game-architecture/workflow.yaml","141f03f82e36ad581f6d9bd8ec32aa61a0c0144b5e55c2994281621e70a1797b"
"yaml","workflow","bmgd","bmad/bmgd/workflows/4-production/code-review/workflow.yaml","0927f11e98b8f4b73ba628ca56bb51efabc76f3fb7815e0a3030012a154a135a"
"yaml","workflow","bmgd","bmad/bmgd/workflows/4-production/correct-course/workflow.yaml","51adbc3ab40e70f87c9d1ed9c84ade0189537d6b889e5f87e84af83722c68f26"
"yaml","workflow","bmgd","bmad/bmgd/workflows/4-production/create-story/workflow.yaml","da1134aefada13133ad01da95b7cd856fabe116a729f1cb296557828bd30f91c"
"yaml","workflow","bmgd","bmad/bmgd/workflows/4-production/dev-story/workflow.yaml","1a404870baeaeab9e989833fd9b4c595e4c3b3bc1606ef62844f84c045cab55d"
"yaml","workflow","bmgd","bmad/bmgd/workflows/4-production/epic-tech-context/workflow.yaml","cbda4d5f055df56a0197c7f25e56d8633a7e816ebc66abe3e2b09be3ab90b991"
"yaml","workflow","bmgd","bmad/bmgd/workflows/4-production/retrospective/workflow.yaml","cb3fbdc6b96ad5dd76a34c3a21223a3d1b95764b51a136761d73647c328e0a7b"
"yaml","workflow","bmgd","bmad/bmgd/workflows/4-production/sprint-planning/workflow.yaml","7a4c18e370d1b434812d7d5bb6c976b44ad2f2436769150e3d6e0b24e946224b"
"yaml","workflow","bmgd","bmad/bmgd/workflows/4-production/story-context/workflow.yaml","dba1c510c3e6e1bac0b69623864b32a744b1a4d17b1ad5ff14ca96c9aeacf155"
"yaml","workflow","bmgd","bmad/bmgd/workflows/4-production/story-done/workflow.yaml","250e1727133852e251165a933e81a6c0995bda44677e2f0f90a272e214dc0a5b"
"yaml","workflow","bmgd","bmad/bmgd/workflows/4-production/story-ready/workflow.yaml","f71c9d18d9f5c42b1781122051b668558af48faeb977598387297fa65bd0195c"
"csv","default-party","bmm","bmad/bmm/teams/default-party.csv","5cac772c6ca7510b511c90f3e5c135cd42dc0ab567a6ded3c3cfb4fb032f2f6e"
"csv","documentation-requirements","bmm","bmad/bmm/workflows/document-project/documentation-requirements.csv","d1253b99e88250f2130516b56027ed706e643bfec3d99316727a4c6ec65c6c1d"
"csv","domain-complexity","bmm","bmad/bmm/workflows/2-plan-workflows/prd/domain-complexity.csv","ed4d30e9fd87db2d628fb66cac7a302823ef6ebb3a8da53b9265326f10a54e11"
"csv","pattern-categories","bmm","bmad/bmm/workflows/3-solutioning/architecture/pattern-categories.csv","d9a275931bfed32a65106ce374f2bf8e48ecc9327102a08f53b25818a8c78c04"
"csv","project-types","bmm","bmad/bmm/workflows/2-plan-workflows/prd/project-types.csv","7a01d336e940fb7a59ff450064fd1194cdedda316370d939264a0a0adcc0aca3"
"csv","tea-index","bmm","bmad/bmm/testarch/tea-index.csv","374a8d53b5e127a9440751a02c5112c66f81bc00e2128d11d11f16d8f45292ea"
"excalidraw","workflow-method-greenfield","bmm","bmad/bmm/docs/images/workflow-method-greenfield.excalidraw","5bbcdb2e97b56f844447c82c210975f1aa5ce7e82ec268390a64a75e5d5a48ed"
"json","excalidraw-library","bmm","bmad/bmm/workflows/diagrams/_shared/excalidraw-library.json","8e5079f4e79ff17f4781358423f2126a1f14ab48bbdee18fd28943865722030c"
"json","project-scan-report-schema","bmm","bmad/bmm/workflows/document-project/templates/project-scan-report-schema.json","53255f15a10cab801a1d75b4318cdb0095eed08c51b3323b7e6c236ae6b399b7"
"md","agents-guide","bmm","bmad/bmm/docs/agents-guide.md","28ea2af4a217ea0b02f2c36a35e6443a95505c5c99b6d4c188a769b36f2a7148"
"md","analyst","bmm","bmad/bmm/agents/analyst.md","d708c522d7c6596408a51d56adf2f9ae3a6e509c9943f9320d3cfc608ebb221d"
"md","api-request","bmm","bmad/bmm/testarch/knowledge/api-request.md","93ac674f645cb389aafe08ce31e53280ebc0385c59e585a199b772bb0e0651fb"
"md","architect","bmm","bmad/bmm/agents/architect.md","7df257294cf14faceab92a7d333bfb92d8b47e6c610384f376de51f85def9214"
"md","architecture-template","bmm","bmad/bmm/workflows/3-solutioning/architecture/architecture-template.md","a4908c181b04483c589ece1eb09a39f835b8a0dcb871cb624897531c371f5166"
"md","atdd-checklist-template","bmm","bmad/bmm/workflows/testarch/atdd/atdd-checklist-template.md","9944d7b488669bbc6e9ef537566eb2744e2541dad30a9b2d9d4ae4762f66b337"
"md","auth-session","bmm","bmad/bmm/testarch/knowledge/auth-session.md","b2ee00c5650655311ff54d20dcd6013afb5b280a66faa8336f9fb810436f1aab"
"md","backlog_template","bmm","bmad/bmm/workflows/4-implementation/code-review/backlog_template.md","84b1381c05012999ff9a8b036b11c8aa2f926db4d840d256b56d2fa5c11f4ef7"
"md","brownfield-guide","bmm","bmad/bmm/docs/brownfield-guide.md","a8b55232a0f8531a436e7ed6c628ec8fb99af5faf5864dd826b63037c158d24c"
"md","burn-in","bmm","bmad/bmm/testarch/knowledge/burn-in.md","5ba3d2abe6b961e5bc3948ab165e801195bff3ee6e66569c00c219b484aa4b5d"
"md","checklist","bmm","bmad/bmm/workflows/1-analysis/product-brief/checklist.md","d801d792e3cf6f4b3e4c5f264d39a18b2992a197bc347e6d0389cc7b6c5905de"
"md","checklist","bmm","bmad/bmm/workflows/1-analysis/research/checklist.md","eca09a6e7fc21316b11c022395b729dd56a615cbe483932ba65e1c11be9d95ed"
"md","checklist","bmm","bmad/bmm/workflows/2-plan-workflows/create-ux-design/checklist.md","1aa5bc2ad9409fab750ce55475a69ec47b7cdb5f4eac93b628bb5d9d3ea9dacb"
"md","checklist","bmm","bmad/bmm/workflows/2-plan-workflows/prd/checklist.md","9c3f0452b3b520ac2e975bf8b3e0325f07c40ff45d20f79aad610e489167770e"
"md","checklist","bmm","bmad/bmm/workflows/2-plan-workflows/tech-spec/checklist.md","905a709418504f88775c37e46d89164f064fb4fefc199dab55e568ef67bde06b"
"md","checklist","bmm","bmad/bmm/workflows/3-solutioning/architecture/checklist.md","625df65f77ceaf7193cdac0e7bc0ffda39bf6b18f698859b10c50c2588a5dc56"
"md","checklist","bmm","bmad/bmm/workflows/3-solutioning/implementation-readiness/checklist.md","6024d4064ad1010a9bbdbaa830c01adba27c1aba6bf0153d88eee460427af799"
"md","checklist","bmm","bmad/bmm/workflows/4-implementation/code-review/checklist.md","549f958bfe0b28f33ed3dac7b76ea8f266630b3e67f4bda2d4ae85be518d3c89"
"md","checklist","bmm","bmad/bmm/workflows/4-implementation/correct-course/checklist.md","33b2acfcc8fdbab18637218f6c6d16055e0004f0d818f993b0a6aeafac1f6112"
"md","checklist","bmm","bmad/bmm/workflows/4-implementation/create-story/checklist.md","e3a636b15f010fc0c337e35c2a9427d4a0b9746f7f2ac5dda0b2f309f469f5d1"
"md","checklist","bmm","bmad/bmm/workflows/4-implementation/dev-story/checklist.md","77cecc9d45050de194300c841e7d8a11f6376e2fbe0a5aac33bb2953b1026014"
"md","checklist","bmm","bmad/bmm/workflows/4-implementation/epic-tech-context/checklist.md","5e90dc12e01ba5f00301a6724fdac5585596fd6dfc670913938e9e92cdca133a"
"md","checklist","bmm","bmad/bmm/workflows/4-implementation/sprint-planning/checklist.md","80b10aedcf88ab1641b8e5f99c9a400c8fd9014f13ca65befc5c83992e367dd7"
"md","checklist","bmm","bmad/bmm/workflows/4-implementation/story-context/checklist.md","89c90d004e0649624a533d09604384c297b2891847c87cf1dcb358e9c8d0d723"
"md","checklist","bmm","bmad/bmm/workflows/diagrams/create-dataflow/checklist.md","f420aaf346833dfda5454ffec9f90a680e903453bcc4d3e277d089e6781fec55"
"md","checklist","bmm","bmad/bmm/workflows/diagrams/create-diagram/checklist.md","6357350a6e2237c1b819edd8fc847e376192bf802000cb1a4337c9584fc91a18"
"md","checklist","bmm","bmad/bmm/workflows/diagrams/create-flowchart/checklist.md","45aaf882b8e9a1042683406ae2cfc0b23d3d39bd1dac3ddb0778d5b7165f7047"
"md","checklist","bmm","bmad/bmm/workflows/diagrams/create-wireframe/checklist.md","588f9354bf366c173aa261cf5a8b3a87c878ea72fd2c0f8088c4b3289e984641"
"md","checklist","bmm","bmad/bmm/workflows/document-project/checklist.md","2f1edb9e5e0b003f518b333ae842f344ff94d4dda7df07ba7f30c5b066013a68"
"md","checklist","bmm","bmad/bmm/workflows/testarch/atdd/checklist.md","c4fa594d949dd8f1f818c11054b28643b458ab05ed90cf65f118deb1f4818e9f"
"md","checklist","bmm","bmad/bmm/workflows/testarch/automate/checklist.md","bf1ae220c15c9f263967d1606658b19adcd37d57aef2b0faa30d34f01e5b0d22"
"md","checklist","bmm","bmad/bmm/workflows/testarch/ci/checklist.md","c40143aaf0e34c264a2f737e14a50ec85d861bda78235cf01a3c63413d996dc8"
"md","checklist","bmm","bmad/bmm/workflows/testarch/framework/checklist.md","16cc3aee710abb60fb85d2e92f0010b280e66b38fac963c0955fb36e7417103a"
"md","checklist","bmm","bmad/bmm/workflows/testarch/nfr-assess/checklist.md","044416df40402db39eb660509eedadafc292c16edc247cf93812f2a325ee032c"
"md","checklist","bmm","bmad/bmm/workflows/testarch/test-design/checklist.md","1a7e5e975d5a2bd3afd81e743e5ee3a2aa72571fce250caac24a6643808394eb"
"md","checklist","bmm","bmad/bmm/workflows/testarch/test-review/checklist.md","0626c675114c23019e20e4ae2330a64baba43ad11774ff268c027b3c584a0891"
"md","checklist","bmm","bmad/bmm/workflows/testarch/trace/checklist.md","a4468ae2afa9cf676310ec1351bb34317d5390e4a02ded9684cc15a62f2fd4fd"
"md","checklist-deep-prompt","bmm","bmad/bmm/workflows/1-analysis/research/checklist-deep-prompt.md","5caaa34bd252cf26e50f75d25b6cff8cfaf2f56615f1141cd75225e7d8e9b00a"
"md","checklist-technical","bmm","bmad/bmm/workflows/1-analysis/research/checklist-technical.md","aab903438d953c3b3f5a9b1090346452077db4e3cda3ce5af3a564b52b4487fc"
"md","ci-burn-in","bmm","bmad/bmm/testarch/knowledge/ci-burn-in.md","de0092c37ea5c24b40a1aff90c5560bbe0c6cc31702de55d4ea58c56a2e109af"
"md","component-tdd","bmm","bmad/bmm/testarch/knowledge/component-tdd.md","88bd1f9ca1d5bcd1552828845fe80b86ff3acdf071bac574eda744caf7120ef8"
"md","contract-testing","bmm","bmad/bmm/testarch/knowledge/contract-testing.md","d8f662c286b2ea4772213541c43aebef006ab6b46e8737ebdc4a414621895599"
"md","data-factories","bmm","bmad/bmm/testarch/knowledge/data-factories.md","d7428fe7675da02b6f5c4c03213fc5e542063f61ab033efb47c1c5669b835d88"
"md","deep-dive-instructions","bmm","bmad/bmm/workflows/document-project/workflows/deep-dive-instructions.md","a567fc43c918ca3f77440e75ce2ac7779740550ad848cade130cca1837115c1e"
"md","deep-dive-template","bmm","bmad/bmm/workflows/document-project/templates/deep-dive-template.md","6198aa731d87d6a318b5b8d180fc29b9aa53ff0966e02391c17333818e94ffe9"
"md","dev","bmm","bmad/bmm/agents/dev.md","b5dd9f973c7ac3f8123b1e83a48e25fd12b0dc08ce4b92d2f99e95e82a65ac18"
"md","documentation-standards","bmm","bmad/bmm/workflows/techdoc/documentation-standards.md","fc26d4daff6b5a73eb7964eacba6a4f5cf8f9810a8c41b6949c4023a4176d853"
"md","email-auth","bmm","bmad/bmm/testarch/knowledge/email-auth.md","43f4cc3138a905a91f4a69f358be6664a790b192811b4dfc238188e826f6b41b"
"md","enterprise-agentic-development","bmm","bmad/bmm/docs/enterprise-agentic-development.md","8c72eb92e19d812ce219b41aae948ecf4fbcc39fbf805e87b4067e871718d448"
"md","epics-template","bmm","bmad/bmm/workflows/2-plan-workflows/tech-spec/epics-template.md","2eb396607543da58e6accdf0617773d9db059632ef8cb069ec745b790274704c"
"md","epics-template","bmm","bmad/bmm/workflows/3-solutioning/create-epics-and-stories/epics-template.md","9adb82dfce092b40756578c15eddab540c5c987abd7fcc323f3d76b2999eb115"
"md","error-handling","bmm","bmad/bmm/testarch/knowledge/error-handling.md","8a314eafb31e78020e2709d88aaf4445160cbefb3aba788b62d1701557eb81c1"
"md","faq","bmm","bmad/bmm/docs/faq.md","a33583a015074419c1f51ca272e8238dbc9a769db1d9d1f11eb75ae1555b0e9f"
"md","feature-flags","bmm","bmad/bmm/testarch/knowledge/feature-flags.md","f6db7e8de2b63ce40a1ceb120a4055fbc2c29454ad8fca5db4e8c065d98f6f49"
"md","file-utils","bmm","bmad/bmm/testarch/knowledge/file-utils.md","e0d4e98ca6ec32035ae07a14880c65ab99298e9240404d27a05788c974659e8b"
"md","fixture-architecture","bmm","bmad/bmm/testarch/knowledge/fixture-architecture.md","a3b6c1bcaf5e925068f3806a3d2179ac11dde7149e404bc4bb5602afb7392501"
"md","fixtures-composition","bmm","bmad/bmm/testarch/knowledge/fixtures-composition.md","8e57a897663a272fd603026aeec76941543c1e09d129e377846726fd405f3a5a"
"md","full-scan-instructions","bmm","bmad/bmm/workflows/document-project/workflows/full-scan-instructions.md","6c6e0d77b33f41757eed8ebf436d4def69cd6ce412395b047bf5909f66d876aa"
"md","glossary","bmm","bmad/bmm/docs/glossary.md","f194e68adad2458d6bdd41f4b4fab95c241790cf243807748f4ca3f35cef6676"
"md","index-template","bmm","bmad/bmm/workflows/document-project/templates/index-template.md","42c8a14f53088e4fda82f26a3fe41dc8a89d4bcb7a9659dd696136378b64ee90"
"md","instructions","bmm","bmad/bmm/workflows/1-analysis/brainstorm-project/instructions.md","25faea4b2c60ee71c5c5ec2b3d9da964a0190b96871b3b0fcd792650bce76911"
"md","instructions","bmm","bmad/bmm/workflows/1-analysis/domain-research/instructions.md","6abf1facd5de2e70bdbf3f74a5f8036b4f6fdbee9bf21f2866a7739d6b0ddca2"
"md","instructions","bmm","bmad/bmm/workflows/1-analysis/product-brief/instructions.md","4403481447d3e52682a5ee933a9f69e12a8c2a47cebd0e3b6f12fe508c7e1d94"
"md","instructions","bmm","bmad/bmm/workflows/2-plan-workflows/create-ux-design/instructions.md","19da1026bf868b7ddcdd0bbb0fe2e881c92489d65bcbd1932a4aa3ef4d4ead55"
"md","instructions","bmm","bmad/bmm/workflows/2-plan-workflows/prd/instructions.md","1973206d4466e8e8965535d5104ea174ed5ea4ce8e2885eb1011811fea01d2b5"
"md","instructions","bmm","bmad/bmm/workflows/2-plan-workflows/tech-spec/instructions.md","921bf275f050ea4faa2162d967f8cc35d4a09987bb872fa8cd8fffd598105bcd"
"md","instructions","bmm","bmad/bmm/workflows/3-solutioning/architecture/instructions.md","b7373f4e61e85ad02f74c00b719811ec604a79808c6db11c15e68e21bdfaba9a"
"md","instructions","bmm","bmad/bmm/workflows/3-solutioning/create-epics-and-stories/instructions.md","2df60bf0af36ddbaf18ca391a61b4102ec3da20eac62183e8227eb89bf78b67b"
"md","instructions","bmm","bmad/bmm/workflows/3-solutioning/implementation-readiness/instructions.md","008c1e70defa4ac57123acd84ca2010b18ad569c1d837722ea7bb86a20dbb45e"
"md","instructions","bmm","bmad/bmm/workflows/4-implementation/code-review/instructions.md","c8c578f05f7c31707149bd0029dd6b70837e4845bbea1f2a61d23d73c6150100"
"md","instructions","bmm","bmad/bmm/workflows/4-implementation/correct-course/instructions.md","d06959c057f53c16604c8c5d2fac83c6160164527657eff879b94e2855ad9735"
"md","instructions","bmm","bmad/bmm/workflows/4-implementation/create-story/instructions.md","fae632881c02d94ae447cb69fe025c4868128358e63cce57c6f1a37bcd37d9f1"
"md","instructions","bmm","bmad/bmm/workflows/4-implementation/dev-story/instructions.md","5761d4e2ac0e6548f7cb7bfd2a644197b0dd86198157b2e9023d6ac1c894d71e"
"md","instructions","bmm","bmad/bmm/workflows/4-implementation/epic-tech-context/instructions.md","88d7583806f9ac1ca1a31492328ebbf8ba869728da75b1b330d859f8cfc729ab"
"md","instructions","bmm","bmad/bmm/workflows/4-implementation/retrospective/instructions.md","26162a6ac04bbb313b209129186ab7cff4940f411be09af7f6fd9d937890acd8"
"md","instructions","bmm","bmad/bmm/workflows/4-implementation/sprint-planning/instructions.md","be1ab1e8d895367106c6025c3625fdbf935312fef229b1b47d76b1e84ecb51a9"
"md","instructions","bmm","bmad/bmm/workflows/4-implementation/story-context/instructions.md","b3f451b7d2222fbb1d6a595af12731c85af9303b8768e23ba184620b4b41add5"
"md","instructions","bmm","bmad/bmm/workflows/4-implementation/story-done/instructions.md","00e8b4b817b11a8bb1b7a3746fc9991c60acee1551c9de005c423ef9e670272f"
"md","instructions","bmm","bmad/bmm/workflows/4-implementation/story-ready/instructions.md","bfe8a3ebbd27dcf0d0d5e0ed038852496d15a711c65da0b8bc46c952b6e20c66"
"md","instructions","bmm","bmad/bmm/workflows/diagrams/create-dataflow/instructions.md","cb670028ad8604559b26cdd0bdbc62a403a3174c561ee31d844472f06f7368be"
"md","instructions","bmm","bmad/bmm/workflows/diagrams/create-diagram/instructions.md","decb5126dfb99af939a052d03c7b727a83ee92452a79e93bb6d581133924ad41"
"md","instructions","bmm","bmad/bmm/workflows/diagrams/create-flowchart/instructions.md","b307573436161077ca61d914ab8971145cac4980c31dae48bfb68720bf61ab9f"
"md","instructions","bmm","bmad/bmm/workflows/diagrams/create-wireframe/instructions.md","0c3ef52aeda93d6c9c539eb1cf1fb99645979475bce10fa0c006a3dafb9ca225"
"md","instructions","bmm","bmad/bmm/workflows/document-project/instructions.md","150154d560155635b7036043bb4c8ee99f52e4a34d1c9db13e955abc69a0452a"
"md","instructions","bmm","bmad/bmm/workflows/testarch/atdd/instructions.md","ae761d4075b68a348d221bc5654f8a88d376647854c7c0e60afef0224dce5534"
"md","instructions","bmm","bmad/bmm/workflows/testarch/automate/instructions.md","4762764a401b1f97aeca42680f2868cbfd1002914f397ed109755774160a2c78"
"md","instructions","bmm","bmad/bmm/workflows/testarch/ci/instructions.md","d82e2ed17c2dac960f5cbe6f640df1549d9f2acde1482cce07e381341e9fbf7b"
"md","instructions","bmm","bmad/bmm/workflows/testarch/framework/instructions.md","f7d0273dfa621ac8869dd6c11d71567ceaae6fb827ff6239f3e381df789b5092"
"md","instructions","bmm","bmad/bmm/workflows/testarch/nfr-assess/instructions.md","a3838c8e5dcb1735962176aa07cc8f7a1d5a1e1ad70207a27a8152015cfebbcb"
"md","instructions","bmm","bmad/bmm/workflows/testarch/test-design/instructions.md","8c34dbd4691befaea1774a516d554c1a33ea50b633850fe71bf29a03c37b7165"
"md","instructions","bmm","bmad/bmm/workflows/testarch/test-review/instructions.md","02fa0e7e8767942b8ad8459bd3061a0fdd60ac464ad7504f6dff33a9d7de51a4"
"md","instructions","bmm","bmad/bmm/workflows/testarch/trace/instructions.md","300802c457c410105855193fda4f2ff124c31d5ad9f7d57506fbf75356a8ef2a"
"md","instructions","bmm","bmad/bmm/workflows/workflow-status/init/instructions.md","a9d8c13b3c8c066e04c8cd51c8ca3197a53b04a14c8301142980e28dae1325a5"
"md","instructions","bmm","bmad/bmm/workflows/workflow-status/instructions.md","964e4a1781855a63a6e816c84354d1608ab13304d957e1149fdcaaa7ccdbc1c2"
"md","instructions-deep-prompt","bmm","bmad/bmm/workflows/1-analysis/research/instructions-deep-prompt.md","076792bd01b0020d5982166fbe778c7b2029e302abaa0b7c33682a45fcf409a3"
"md","instructions-generate-stories","bmm","bmad/bmm/workflows/2-plan-workflows/tech-spec/instructions-generate-stories.md","30c313a4525001bde80a4786791953017c366abd5b5effa5b61f7686fc3d1043"
"md","instructions-market","bmm","bmad/bmm/workflows/1-analysis/research/instructions-market.md","6ce51d1b8791485f3d565077f9d6e4036fd2885a58c3d91134f1908515ab21b8"
"md","instructions-router","bmm","bmad/bmm/workflows/1-analysis/research/instructions-router.md","b191633158571bc08c841e44ffdaa1da39f128c671b569be98f96f267f6686a6"
"md","instructions-technical","bmm","bmad/bmm/workflows/1-analysis/research/instructions-technical.md","dfb0eb0e5d54a8bc91e426702f43d56b9974082b4a45b2c23992e31b5ea3bd8b"
"md","intercept-network-call","bmm","bmad/bmm/testarch/knowledge/intercept-network-call.md","fb551cb0cefe3c062c28ae255a121aaae098638ec35a16fcdba98f670887ab6a"
"md","log","bmm","bmad/bmm/testarch/knowledge/log.md","b6267716ccbe6f9e2cc1b2b184501faeb30277bc8546206a66f31500c52381d0"
"md","network-error-monitor","bmm","bmad/bmm/testarch/knowledge/network-error-monitor.md","0380eb6df15af0a136334ad00cf44c92c779f311b07231f5aa6230e198786799"
"md","network-first","bmm","bmad/bmm/testarch/knowledge/network-first.md","2920e58e145626f5505bcb75e263dbd0e6ac79a8c4c2ec138f5329e06a6ac014"
"md","network-recorder","bmm","bmad/bmm/testarch/knowledge/network-recorder.md","9f120515cc377c4c500ec0b5fff0968666a9a4edee03a328d92514147d50f073"
"md","nfr-criteria","bmm","bmad/bmm/testarch/knowledge/nfr-criteria.md","e63cee4a0193e4858c8f70ff33a497a1b97d13a69da66f60ed5c9a9853025aa1"
"md","nfr-report-template","bmm","bmad/bmm/workflows/testarch/nfr-assess/nfr-report-template.md","b1d8fcbdfc9715a285a58cb161242dea7d311171c09a2caab118ad8ace62b80c"
"md","overview","bmm","bmad/bmm/testarch/knowledge/overview.md","96e86563da978f78b8a28d1bc4c15cebc3dc248a747fd83be40c9da7a7c9f065"
"md","party-mode","bmm","bmad/bmm/docs/party-mode.md","1f62cb3f3f292a5a3d08b295f62fbeb46abff6eb9743abdd5112b49032a7253e"
"md","playwright-config","bmm","bmad/bmm/testarch/knowledge/playwright-config.md","42516511104a7131775f4446196cf9e5dd3295ba3272d5a5030660b1dffaa69f"
"md","pm","bmm","bmad/bmm/agents/pm.md","a6cb45b3b60a0c1a502f3c93f0013b422b5815d5219e6167f843f69e007636c8"
"md","prd-template","bmm","bmad/bmm/workflows/2-plan-workflows/prd/prd-template.md","456f63362fe44789593e65749244dbf8e0089562c5f6032c500f3b014e0d5bdc"
"md","probability-impact","bmm","bmad/bmm/testarch/knowledge/probability-impact.md","446dba0caa1eb162734514f35366f8c38ed3666528b0b5e16c7f03fd3c537d0f"
"md","project-context","bmm","bmad/bmm/workflows/1-analysis/brainstorm-project/project-context.md","0f1888da4bfc4f24c4de9477bd3ccb2a6fb7aa83c516dfdc1f98fbd08846d4ba"
"md","project-overview-template","bmm","bmad/bmm/workflows/document-project/templates/project-overview-template.md","a7c7325b75a5a678dca391b9b69b1e3409cfbe6da95e70443ed3ace164e287b2"
"md","quick-spec-flow","bmm","bmad/bmm/docs/quick-spec-flow.md","215d508d27ea94e0091fc32f8dce22fadf990b3b9d8b397e2c393436934f85af"
"md","quick-start","bmm","bmad/bmm/docs/quick-start.md","b8531e56efad89f2efb61402b223d6157d62cde3fcbef14fc205d7cfc89d51bd"
"md","README","bmm","bmad/bmm/README.md","ad4e6d0c002e3a5fef1b695bda79e245fe5a43345375c699165b32d6fc511457"
"md","README","bmm","bmad/bmm/docs/README.md","431c50b8acf7142eb6e167618538ece6bcda8bcd5d7b681a302cf866335e916e"
"md","recurse","bmm","bmad/bmm/testarch/knowledge/recurse.md","19056fb5b7e5e626aad81277b3e5eec333f2aed36a17aea6c7d8714a5460c8b2"
"md","risk-governance","bmm","bmad/bmm/testarch/knowledge/risk-governance.md","2fa2bc3979c4f6d4e1dec09facb2d446f2a4fbc80107b11fc41cbef2b8d65d68"
"md","scale-adaptive-system","bmm","bmad/bmm/docs/scale-adaptive-system.md","eb91f9859066f6f1214ac2e02178bc9c766cb96828380e730c79aee361582d8d"
"md","selective-testing","bmm","bmad/bmm/testarch/knowledge/selective-testing.md","c14c8e1bcc309dbb86a60f65bc921abf5a855c18a753e0c0654a108eb3eb1f1c"
"md","selector-resilience","bmm","bmad/bmm/testarch/knowledge/selector-resilience.md","a55c25a340f1cd10811802665754a3f4eab0c82868fea61fea9cc61aa47ac179"
"md","sm","bmm","bmad/bmm/agents/sm.md","1f470f4c592d5682f2f3153f3c2b84d333701c1aa062616d60e47a52a7124122"
"md","source-tree-template","bmm","bmad/bmm/workflows/document-project/templates/source-tree-template.md","109bc335ebb22f932b37c24cdc777a351264191825444a4d147c9b82a1e2ad7a"
"md","tea","bmm","bmad/bmm/agents/tea.md","b330be27a343831047834330280744c8f7718b6ab9f0fb0e73301387d2974746"
"md","tech-spec-template","bmm","bmad/bmm/workflows/2-plan-workflows/tech-spec/tech-spec-template.md","2b07373b7b23f71849f107b8fd4356fef71ba5ad88d7f333f05547da1d3be313"
"md","tech-writer","bmm","bmad/bmm/agents/tech-writer.md","09620d82f52273c05f97ec9e808a04d26f647dd7a4b6e174fec5959024916250"
"md","template","bmm","bmad/bmm/workflows/1-analysis/domain-research/template.md","5606843f77007d886cc7ecf1fcfddd1f6dfa3be599239c67eff1d8e40585b083"
"md","template","bmm","bmad/bmm/workflows/1-analysis/product-brief/template.md","96f89df7a4dabac6400de0f1d1abe1f2d4713b76fe9433f31c8a885e20d5a5b4"
"md","template","bmm","bmad/bmm/workflows/3-solutioning/implementation-readiness/template.md","d8e5fdd62adf9836f7f6cccd487df9b260b392da2e45d2c849ecc667b9869427"
"md","template","bmm","bmad/bmm/workflows/4-implementation/create-story/template.md","83c5d21312c0f2060888a2a8ba8332b60f7e5ebeb9b24c9ee59ba96114afb9c9"
"md","template","bmm","bmad/bmm/workflows/4-implementation/epic-tech-context/template.md","b5c5d0686453b7c9880d5b45727023f2f6f8d6e491b47267efa8f968f20074e3"
"md","template-deep-prompt","bmm","bmad/bmm/workflows/1-analysis/research/template-deep-prompt.md","2e65c7d6c56e0fa3c994e9eb8e6685409d84bc3e4d198ea462fa78e06c1c0932"
"md","template-market","bmm","bmad/bmm/workflows/1-analysis/research/template-market.md","e5e59774f57b2f9b56cb817c298c02965b92c7d00affbca442366638cd74d9ca"
"md","template-technical","bmm","bmad/bmm/workflows/1-analysis/research/template-technical.md","78caa56ba6eb6922925e5aab4ed4a8245fe744b63c245be29a0612135851f4ca"
"md","test-architecture","bmm","bmad/bmm/docs/test-architecture.md","3dce46f50ad79f7bffb3ab19f2a343071dc26983485c527099ca0180de98fa78"
"md","test-design-template","bmm","bmad/bmm/workflows/testarch/test-design/test-design-template.md","d97f65bb741e6fcf40934606b17a2f6c78358390d41bee2dd183ff9cafb3bd5e"
"md","test-healing-patterns","bmm","bmad/bmm/testarch/knowledge/test-healing-patterns.md","b44f7db1ebb1c20ca4ef02d12cae95f692876aee02689605d4b15fe728d28fdf"
"md","test-levels-framework","bmm","bmad/bmm/testarch/knowledge/test-levels-framework.md","80bbac7959a47a2e7e7de82613296f906954d571d2d64ece13381c1a0b480237"
"md","test-priorities-matrix","bmm","bmad/bmm/testarch/knowledge/test-priorities-matrix.md","321c3b708cc19892884be0166afa2a7197028e5474acaf7bc65c17ac861964a5"
"md","test-quality","bmm","bmad/bmm/testarch/knowledge/test-quality.md","97b6db474df0ec7a98a15fd2ae49671bb8e0ddf22963f3c4c47917bb75c05b90"
"md","test-review-template","bmm","bmad/bmm/workflows/testarch/test-review/test-review-template.md","3e68a73c48eebf2e0b5bb329a2af9e80554ef443f8cd16652e8343788f249072"
"md","timing-debugging","bmm","bmad/bmm/testarch/knowledge/timing-debugging.md","c4c87539bbd3fd961369bb1d7066135d18c6aad7ecd70256ab5ec3b26a8777d9"
"md","trace-template","bmm","bmad/bmm/workflows/testarch/trace/trace-template.md","5453a8e4f61b294a1fc0ba42aec83223ae1bcd5c33d7ae0de6de992e3ee42b43"
"md","user-story-template","bmm","bmad/bmm/workflows/2-plan-workflows/tech-spec/user-story-template.md","4b179d52088745060991e7cfd853da7d6ce5ac0aa051118c9cecea8d59bdaf87"
"md","ux-design-template","bmm","bmad/bmm/workflows/2-plan-workflows/create-ux-design/ux-design-template.md","f9b8ae0fe08c6a23c63815ddd8ed43183c796f266ffe408f3426af1f13b956db"
"md","ux-designer","bmm","bmad/bmm/agents/ux-designer.md","29a2dad203e3e6c6dd90339182b7c80455763ad66cb346526b563ea6127518c5"
"md","visual-debugging","bmm","bmad/bmm/testarch/knowledge/visual-debugging.md","072a3d30ba6d22d5e628fc26a08f6e03f8b696e49d5a4445f37749ce5cd4a8a9"
"md","workflow-architecture-reference","bmm","bmad/bmm/docs/workflow-architecture-reference.md","36efd4e3d74d1739455e896e62b7711bf4179c572f1eef7a7fae7f2385adcc6d"
"md","workflow-document-project-reference","bmm","bmad/bmm/docs/workflow-document-project-reference.md","6950fac4cf9ff395ce087f63e8b0ddfce9ade8eb48e708e0f1b3cedc82158159"
"md","workflows-analysis","bmm","bmad/bmm/docs/workflows-analysis.md","4dd00c829adcf881ecb96e083f754a4ce109159cfdaff8a5a856590ba33f1d74"
"md","workflows-implementation","bmm","bmad/bmm/docs/workflows-implementation.md","4b80c0afded7e643692990dcf2283b4b4250377b5f87516a86d4972de483c4b0"
"md","workflows-planning","bmm","bmad/bmm/docs/workflows-planning.md","3daeb274ad2564f8b1d109f78204b146a004c9edce6e7844ffa30da5a7e98066"
"md","workflows-solutioning","bmm","bmad/bmm/docs/workflows-solutioning.md","933a8d9da5e4378506d8539e1b74bb505149eeecdd8be9f4e8ccc98a282d0e4c"
"svg","workflow-method-greenfield","bmm","bmad/bmm/docs/images/workflow-method-greenfield.svg","fb20cc12c35e6b93bb2b8f9e95b4f1891d4c080f39c38c047180433dfd51ed46"
"xml","context-template","bmm","bmad/bmm/workflows/4-implementation/story-context/context-template.xml","582374f4d216ba60f1179745b319bbc2becc2ac92d7d8a19ac3273381a5c2549"
"yaml","analyst.agent","bmm","bmad/bmm/agents/analyst.agent.yaml",""
"yaml","architect.agent","bmm","bmad/bmm/agents/architect.agent.yaml",""
"yaml","architecture-patterns","bmm","bmad/bmm/workflows/3-solutioning/architecture/architecture-patterns.yaml","00b9878fd753b756eec16a9f416b4975945d6439e1343673540da4bccb0b83f5"
"yaml","config","bmm","bmad/bmm/config.yaml","7f41bc8c2b986e215af7e2430bca8f46e6bd0c0b24561f6518d89270d0bb4411"
"yaml","decision-catalog","bmm","bmad/bmm/workflows/3-solutioning/architecture/decision-catalog.yaml","f7fc2ed6ec6c4bd78ec808ad70d24751b53b4835e0aad1088057371f545d3c82"
"yaml","deep-dive","bmm","bmad/bmm/workflows/document-project/workflows/deep-dive.yaml","5bba01ced6a5a703afa9db633cb8009d89fe37ceaa19b012cb4146ff5df5d361"
"yaml","dev.agent","bmm","bmad/bmm/agents/dev.agent.yaml",""
"yaml","enterprise-brownfield","bmm","bmad/bmm/workflows/workflow-status/paths/enterprise-brownfield.yaml","eeec46e4f0308ff13573362a3b63962b701d43ed419f26def7f02230d9083c89"
"yaml","enterprise-greenfield","bmm","bmad/bmm/workflows/workflow-status/paths/enterprise-greenfield.yaml","a083d31c034b4ddaf7c75aca6267c71180bc8f34cc8860a3e3b470e0176e3e11"
"yaml","excalidraw-templates","bmm","bmad/bmm/workflows/diagrams/_shared/excalidraw-templates.yaml","ca6e4ae85b5ab16df184ce1ddfdf83b20f9540db112ebf195cb793017f014a70"
"yaml","full-scan","bmm","bmad/bmm/workflows/document-project/workflows/full-scan.yaml","0a9c4d6caa66ab51c3a9122956821bcd8b5c17207e845bfa1c4dccaef81afbb9"
"yaml","github-actions-template","bmm","bmad/bmm/workflows/testarch/ci/github-actions-template.yaml","28c0de7c96481c5a7719596c85dd0ce8b5dc450d360aeaa7ebf6294dcf4bea4c"
"yaml","gitlab-ci-template","bmm","bmad/bmm/workflows/testarch/ci/gitlab-ci-template.yaml","bc83b9240ad255c6c2a99bf863b9e519f736c99aeb4b1e341b07620d54581fdc"
"yaml","injections","bmm","bmad/bmm/workflows/1-analysis/research/claude-code/injections.yaml","dd6dd6e722bf661c3c51d25cc97a1e8ca9c21d517ec0372e469364ba2cf1fa8b"
"yaml","method-brownfield","bmm","bmad/bmm/workflows/workflow-status/paths/method-brownfield.yaml","8be04b19a716620c8178ce0712036a33537bee17339514572bbd8f6c54df7c3b"
"yaml","method-greenfield","bmm","bmad/bmm/workflows/workflow-status/paths/method-greenfield.yaml","afacd8ddc5aa4a01c5b331a18fce2ea776bbe1e9fbe0c5b23bd8b38406c8101f"
"yaml","pm.agent","bmm","bmad/bmm/agents/pm.agent.yaml",""
"yaml","project-levels","bmm","bmad/bmm/workflows/workflow-status/project-levels.yaml","09d810864558bfbc5a83ed8989847a165bd59119dfe420194771643daff6c813"
"yaml","quick-flow-brownfield","bmm","bmad/bmm/workflows/workflow-status/paths/quick-flow-brownfield.yaml","0d8837a07efaefe06b29c1e58fee982fafe6bbb40c096699bd64faed8e56ebf8"
"yaml","quick-flow-greenfield","bmm","bmad/bmm/workflows/workflow-status/paths/quick-flow-greenfield.yaml","c6eae1a3ef86e87bd48a285b11989809526498dc15386fa949279f2e77b011d5"
"yaml","sm.agent","bmm","bmad/bmm/agents/sm.agent.yaml",""
"yaml","sprint-status-template","bmm","bmad/bmm/workflows/4-implementation/sprint-planning/sprint-status-template.yaml","1b9f6bc7955c9caedfc14e0bbfa01e3f4fd5f720a91142fb6e9027431f965a48"
"yaml","tea.agent","bmm","bmad/bmm/agents/tea.agent.yaml",""
"yaml","team-fullstack","bmm","bmad/bmm/teams/team-fullstack.yaml","3bc35195392607b6298c36a7f1f7cb94a8ac0b0e6febe61f745009a924caee7c"
"yaml","tech-writer.agent","bmm","bmad/bmm/agents/tech-writer.agent.yaml",""
"yaml","ux-designer.agent","bmm","bmad/bmm/agents/ux-designer.agent.yaml",""
"yaml","workflow","bmm","bmad/bmm/workflows/1-analysis/brainstorm-project/workflow.yaml","9fa9d8a3e3467e00b9ba187f91520760751768b56fa14a325cc166e708067afb"
"yaml","workflow","bmm","bmad/bmm/workflows/1-analysis/domain-research/workflow.yaml","8982b0afd7ccb3574075e411c42cf8b2c534a99e1af77b55d07778560fb70d2d"
"yaml","workflow","bmm","bmad/bmm/workflows/1-analysis/product-brief/workflow.yaml","ccf4459a91bac35d022ab7aef776d779ba6e18f9e39028948d386363c510d629"
"yaml","workflow","bmm","bmad/bmm/workflows/1-analysis/research/workflow.yaml","339f40af85bcff64fedf417156e0c555113219071e06f741d356aaa95a9f5d19"
"yaml","workflow","bmm","bmad/bmm/workflows/2-plan-workflows/create-ux-design/workflow.yaml","997d8c000e89326a6cc9f5dc6893f95877428a0f6de644ed75667112b5786107"
"yaml","workflow","bmm","bmad/bmm/workflows/2-plan-workflows/prd/workflow.yaml","691e8bd4e2c29ec0df9ce4654714fe521e14b472b7c1977903a037299e0cf363"
"yaml","workflow","bmm","bmad/bmm/workflows/2-plan-workflows/tech-spec/workflow.yaml","893e47ffda7fd971c46004414efd96de47a82b9717367d5acfe123991359286b"
"yaml","workflow","bmm","bmad/bmm/workflows/3-solutioning/architecture/workflow.yaml","674654381b1de028384839dc745eb82bc17b2bd65e5b0bb9262616b4be814694"
"yaml","workflow","bmm","bmad/bmm/workflows/3-solutioning/create-epics-and-stories/workflow.yaml","33908479f8215d94dbedc2c83dbc2572ca95211ae9afe09f837867a94c7cb998"
"yaml","workflow","bmm","bmad/bmm/workflows/3-solutioning/implementation-readiness/workflow.yaml","a94c894e11070c2f449f3c344e3686e50db24c0dfb6ad8670b31d1a4535d7b2b"
"yaml","workflow","bmm","bmad/bmm/workflows/4-implementation/code-review/workflow.yaml","e191a7ae7268d346a8ac3cd98fd6fc4f401fde0a2a870cd4b986ce02204c779c"
"yaml","workflow","bmm","bmad/bmm/workflows/4-implementation/correct-course/workflow.yaml","41a9fabbcbe2e2bbdfcb16e80c71e50900ef060e8089cc35c511c67003f9a6e0"
"yaml","workflow","bmm","bmad/bmm/workflows/4-implementation/create-story/workflow.yaml","b7e9de7d8c13e214aab58ccb66549fe730727f5c29e04d936a1cbde26a20de41"
"yaml","workflow","bmm","bmad/bmm/workflows/4-implementation/dev-story/workflow.yaml","4c0f8c6511778976df16d3d5f50c219469a578e04d7620ee01bf13d33faa67c8"
"yaml","workflow","bmm","bmad/bmm/workflows/4-implementation/epic-tech-context/workflow.yaml","cb5693a6594bb23722939fbc95fe237dfb8ea6fd3c1e6bcb1d980e93ebfa3993"
"yaml","workflow","bmm","bmad/bmm/workflows/4-implementation/retrospective/workflow.yaml","99bf1de4a8624f7dd360382de808c5c19bd81780c4650335807cf0455b15883c"
"yaml","workflow","bmm","bmad/bmm/workflows/4-implementation/sprint-planning/workflow.yaml","9de72e216aae645679f98d405c96fbd34c57f0501588bd7247de07c53a4384bc"
"yaml","workflow","bmm","bmad/bmm/workflows/4-implementation/story-context/workflow.yaml","f3eef460f17519cbc0eb2f7d59cc9e85e941c9ec8d5dd7ace4df368b02702915"
"yaml","workflow","bmm","bmad/bmm/workflows/4-implementation/story-done/workflow.yaml","0fa5e4a626f897c49c9b660e8d2d0e79b698f23466eb905515913d0574e05bb5"
"yaml","workflow","bmm","bmad/bmm/workflows/4-implementation/story-ready/workflow.yaml","9a18da9d18f85549e917179796c747468c8659ec3733417df5bee553a873d298"
"yaml","workflow","bmm","bmad/bmm/workflows/diagrams/create-dataflow/workflow.yaml","1508f8163e94d0a358519372bc27720e0ca41afa7de123f624b6deb8a0a450b4"
"yaml","workflow","bmm","bmad/bmm/workflows/diagrams/create-diagram/workflow.yaml","b9b94b23070146ee8761332aeefa4dbba5b2d09e094f3e18add8123f578516c1"
"yaml","workflow","bmm","bmad/bmm/workflows/diagrams/create-flowchart/workflow.yaml","48139c4c3910038595cb3a64e05e4bf036a18e46b4eac0f9a3ebebe32153dc19"
"yaml","workflow","bmm","bmad/bmm/workflows/diagrams/create-wireframe/workflow.yaml","209f4f3d267f99f6db415b9ea8eb8f7c1e48ca0e7033123b22a90cca80237568"
"yaml","workflow","bmm","bmad/bmm/workflows/document-project/workflow.yaml","f929d6b0dad763572307b753639b6964b48413096952dba86e9104beefad7095"
"yaml","workflow","bmm","bmad/bmm/workflows/testarch/atdd/workflow.yaml","31ff0577f76cfd8e7977594c5d847540dc3179ee8b1c61efd45ba8251e2bfed0"
"yaml","workflow","bmm","bmad/bmm/workflows/testarch/automate/workflow.yaml","6d7d07a3ecdf94b898303fa2c0f4adbd4f6a7b66c83328738d4c9bfd1af8eccb"
"yaml","workflow","bmm","bmad/bmm/workflows/testarch/ci/workflow.yaml","1fd7624ffdc56247735442187ef56f099e2dedebe1e2817f3811fa7037a56772"
"yaml","workflow","bmm","bmad/bmm/workflows/testarch/framework/workflow.yaml","383ef38df7431b70815258a087732a50fa3b588490314cbf3c8c11066a298885"
"yaml","workflow","bmm","bmad/bmm/workflows/testarch/nfr-assess/workflow.yaml","bc2c8da54d885f679987d199cdbc4341e599056246cc8aa54696a8ea2fec58ca"
"yaml","workflow","bmm","bmad/bmm/workflows/testarch/test-design/workflow.yaml","76f3da922c0cfc3ef53ec4ba5dbb9db9567451057e4f6afebcf5e7e975196410"
"yaml","workflow","bmm","bmad/bmm/workflows/testarch/test-review/workflow.yaml","c51784f783cd99f197cf1c7cee3e8b63de43d673064690731de93c5c5a939777"
"yaml","workflow","bmm","bmad/bmm/workflows/testarch/trace/workflow.yaml","825770b7d75e4a9818160d85f944d083059dd4516499d61b75e2b7d35a68c425"
"yaml","workflow","bmm","bmad/bmm/workflows/workflow-status/init/workflow.yaml","245df982c5c57670a3a3e9d52754e2b87de996031e31b759e91df8f5b9b23e9f"
"yaml","workflow","bmm","bmad/bmm/workflows/workflow-status/workflow.yaml","d50d6e5593b871a197a67af991efec5204f354fd6b2ffe93790c9107bdb334c9"
"yaml","workflow-status-template","bmm","bmad/bmm/workflows/workflow-status/workflow-status-template.yaml","0ec9c95f1690b7b7786ffb4ab10663c93b775647ad58e283805092e1e830a0d9"
"csv","default-party","cis","bmad/cis/teams/default-party.csv","352ab9a0809da706759e265da66f91884b80a6270fe85ff7f7fe8cbba61fa3a2"
"csv","design-methods","cis","bmad/cis/workflows/design-thinking/design-methods.csv","6735e9777620398e35b7b8ccb21e9263d9164241c3b9973eb76f5112fb3a8fc9"
"csv","innovation-frameworks","cis","bmad/cis/workflows/innovation-strategy/innovation-frameworks.csv","9a14473b1d667467172d8d161e91829c174e476a030a983f12ec6af249c4e42f"
"csv","solving-methods","cis","bmad/cis/workflows/problem-solving/solving-methods.csv","aa15c3a862523f20c199600d8d4d0a23fce1001010d7efc29a71abe537d42995"
"csv","story-types","cis","bmad/cis/workflows/storytelling/story-types.csv","ec5a3c713617bf7e2cf7db439303dd8f3363daa2f6db20a350c82260ade88bdb"
"md","brainstorming-coach","cis","bmad/cis/agents/brainstorming-coach.md","b5a2797a376f60f670b424827dd30039748536e9f2de4602b4b2d4ee7fdb94c5"
"md","creative-problem-solver","cis","bmad/cis/agents/creative-problem-solver.md","11cb575ebd70eb3892b30410bc12781120e4e5cc9313a216cf26e2b14f05bdce"
"md","design-thinking-coach","cis","bmad/cis/agents/design-thinking-coach.md","8fdac019556988e3e9082bb48f26e4dfab490fae384692fce2b1ead4a8896cd7"
"md","innovation-strategist","cis","bmad/cis/agents/innovation-strategist.md","b1c3c04388f5232ce9e3022e5ce65d4925f28af48c41dcf34b9cafbc4d76557b"
"md","instructions","cis","bmad/cis/workflows/design-thinking/instructions.md","486562c042433bbe75706cce32ff91c6149677c2ee9850c4531818e71ac924ad"
"md","instructions","cis","bmad/cis/workflows/innovation-strategy/instructions.md","ab594b4818a22874309fd2516b9d7ba7a2025fbcbda1c47f098d5474cb315f9e"
"md","instructions","cis","bmad/cis/workflows/problem-solving/instructions.md","1a372e0f8d7ca050ad8b31199c18a79026887b55b77b7b52235271b97e3f484f"
"md","instructions","cis","bmad/cis/workflows/storytelling/instructions.md","62c4f0d7c74831e17aeb05d67c22329e32bc24906584a3b9c10d31eb2363998f"
"md","presentation-master","cis","bmad/cis/agents/presentation-master.md","b3b154fd10b68b81d1927ca32c48639538b3222fddf9c43c6f1767dc000eb59b"
"md","readme","cis","bmad/cis/readme.md","31e1194dcef4a18b744d9e11d8b8aec42f336ccd351e287a1b62e5cec5a9d22a"
"md","README","cis","bmad/cis/agents/README.md","dd7276c44ba77e9d856efaa9587666267279564a3f930398869f475341cd9c38"
"md","README","cis","bmad/cis/workflows/README.md","f8ff9630b4f89858389fefb8204fe6589a5f0ed78b3f5cdf16f537df39fe3855"
"md","README","cis","bmad/cis/workflows/design-thinking/README.md","0a38f88352dc4674f6e1f55a67ffebf403bf329c874a21a49ce7834c08f91f62"
"md","README","cis","bmad/cis/workflows/innovation-strategy/README.md","820a9e734fadf2cfac94d499cec2e4b41a54d054c0d2f6b9819da319beee4fb9"
"md","README","cis","bmad/cis/workflows/problem-solving/README.md","a5e75b9899751d7aabffcf65785f10d4d2e0455f8c7c541e8a143e3babceca8b"
"md","README","cis","bmad/cis/workflows/storytelling/README.md","1bad4223dce51cb5a7ab8c116467f78037a4583d3a840210ee2f160ad15b71ee"
"md","storyteller","cis","bmad/cis/agents/storyteller.md","e55b437f8be9cd6f43886bdf58a7fbaca6cc2ef217f33ba2b8c6c9edf1f79fbb"
"md","template","cis","bmad/cis/workflows/design-thinking/template.md","7834c387ac0412c841b49a9fcdd8043f5ce053e5cb26993548cf4d31b561f6f0"
"md","template","cis","bmad/cis/workflows/innovation-strategy/template.md","e59bd789df87130bde034586d3e68bf1847c074f63d839945e0c29b1d0c85c82"
"md","template","cis","bmad/cis/workflows/problem-solving/template.md","6c9efd7ac7b10010bd9911db16c2fbdca01fb0c306d871fa6381eef700b45608"
"md","template","cis","bmad/cis/workflows/storytelling/template.md","461981aa772ef2df238070cbec90fc40995df2a71a8c22225b90c91afed57452"
"yaml","brainstorming-coach.agent","cis","bmad/cis/agents/brainstorming-coach.agent.yaml",""
"yaml","config","cis","bmad/cis/config.yaml","0c5e4869f263b9bb41df4910abd86a9ba8ea4ced94507cad1c152ed0193af81b"
"yaml","creative-problem-solver.agent","cis","bmad/cis/agents/creative-problem-solver.agent.yaml",""
"yaml","creative-squad","cis","bmad/cis/teams/creative-squad.yaml","25407cf0ebdf5b10884cd03c86068e04715ef270ada93a3b64cb9907b62c71cf"
"yaml","design-thinking-coach.agent","cis","bmad/cis/agents/design-thinking-coach.agent.yaml",""
"yaml","innovation-strategist.agent","cis","bmad/cis/agents/innovation-strategist.agent.yaml",""
"yaml","presentation-master.agent","cis","bmad/cis/agents/presentation-master.agent.yaml",""
"yaml","storyteller.agent","cis","bmad/cis/agents/storyteller.agent.yaml",""
"yaml","workflow","cis","bmad/cis/workflows/design-thinking/workflow.yaml","ed3bbc67d04ead223db509be598c95e70119e989948d924afb51ec7a73b96686"
"yaml","workflow","cis","bmad/cis/workflows/innovation-strategy/workflow.yaml","919a9a6616a292de7a322ff3791ec961ec2931b3e1ce1720e0afb172b2d3a1b7"
"yaml","workflow","cis","bmad/cis/workflows/problem-solving/workflow.yaml","c855a2504fe82d5d4872b0ddd5b241a18825f84aefdabc7c200ae9fce1e4f1d4"
"yaml","workflow","cis","bmad/cis/workflows/storytelling/workflow.yaml","fa426825d6e014bf5f11788f1f38b10bb398cefd59472e113c814878810bc51c"
"csv","adv-elicit-methods","core","bmad/core/tasks/adv-elicit-methods.csv","b4e925870f902862899f12934e617c3b4fe002d1b652c99922b30fa93482533b"
"csv","advanced-elicitation-methods","core","bmad/core/tasks/advanced-elicitation-methods.csv","a8fe633e66471b69224ec2ee67c6bb2480c33c6fa9d416f672e3a5620ec5f33b"
"csv","brain-methods","core","bmad/core/workflows/brainstorming/brain-methods.csv","ecffe2f0ba263aac872b2d2c95a3f7b1556da2a980aa0edd3764ffb2f11889f3"
"md","bmad-master","core","bmad/core/agents/bmad-master.md","c9977e11460b86594ba339bfc827b5d5a605bf8520617aeca773bde262e05eb6"
"md","excalidraw-helpers","core","bmad/core/resources/excalidraw/excalidraw-helpers.md","37f18fa0bd15f85a33e7526a2cbfe1d5a9404f8bcb8febc79b782361ef790de4"
"md","instructions","core","bmad/core/workflows/brainstorming/instructions.md","908a9c0be48b2bd6eabdc33110abd23c5c63c183be9e7db0bfd79134dbe77deb"
"md","instructions","core","bmad/core/workflows/party-mode/instructions.md","e50c568037e3494504ff689a08c0e22415a6c967b7cc4122511c5e3098726033"
"md","library-loader","core","bmad/core/resources/excalidraw/library-loader.md","7c9637a8467718035257bcc7a8733c31d59dc7396b48b60200913731a17cb666"
"md","README","core","bmad/core/resources/excalidraw/README.md","27f1515ff7f3729185119653c7cf5e02bcc75ac72530937d698b364b38dd961e"
"md","README","core","bmad/core/workflows/brainstorming/README.md","36105ef126ff15bad4d0741812cd79af73a96afd6457c04d45e9b03e6ec9c71c"
"md","template","core","bmad/core/workflows/brainstorming/template.md","f2fe173a1a4bb1fba514652b314e83f7d78c68d09fb68071f9c2e61ee9f61576"
"md","validate-json-instructions","core","bmad/core/resources/excalidraw/validate-json-instructions.md","0970bac93d52b4ee591a11998a02d5682e914649a40725d623489c77f7a1e449"
"xml","advanced-elicitation","core","bmad/core/tasks/advanced-elicitation.xml","afb4020a20d26c92a694b77523426915b6e9665afb80ef5f76aded7f1d626ba6"
"xml","bmad-web-orchestrator.agent","core","bmad/core/agents/bmad-web-orchestrator.agent.xml","2c2c3145d2c54ef40e1aa58519ae652fc2f63cb80b3e5236d40019e177853e0e"
"xml","index-docs","core","bmad/core/tasks/index-docs.xml","c6a9d79628fd1246ef29e296438b238d21c68f50eadb16219ac9d6200cf03628"
"xml","shard-doc","core","bmad/core/tools/shard-doc.xml","a0ddae908e440be3f3f40a96f7b288bcbf9fa3f8dc45d22814a957e807d2bedc"
"xml","validate-workflow","core","bmad/core/tasks/validate-workflow.xml","63580411c759ee317e58da8bda6ceba27dbf9d3742f39c5c705afcd27361a9ee"
"xml","workflow","core","bmad/core/tasks/workflow.xml","dcf69e99ec2996b85da1de9fac3715ae5428270d07817c40f04ae880fcc233fc"
"yaml","bmad-master.agent","core","bmad/core/agents/bmad-master.agent.yaml",""
"yaml","config","core","bmad/core/config.yaml","399c82f84a89bce37877c48ba377372a322fc28dcd3d795c25e966b6ae2caa13"
"yaml","workflow","core","bmad/core/workflows/brainstorming/workflow.yaml","4d1e0b4acbfea0cb23b510c42f576455efc65987bcdc703449dc4991d0dac7f3"
"yaml","workflow","core","bmad/core/workflows/party-mode/workflow.yaml","37bfaa33b21b4a8405473f5051bf2c88c767baf7f49bbbc0006201277fcee8af"
